{
  "project_info": {
    "project_number": "507649732107",
    "project_id": "pandu-2accc",
    "storage_bucket": "pandu-2accc.appspot.com"
  },
  "client": [
    {
      "client_info": {
        "mobilesdk_app_id": "1:507649732107:android:dfac507dafa1d6713d610e",
        "android_client_info": {
          "package_name": "com.stigma15.pandu"
        }
      },
      "oauth_client": [
        {
          "client_id": "507649732107-md28j0d4ehm602t70on697j6on6lkass.apps.googleusercontent.com",
          "client_type": 3
        }
      ],
      "api_key": [
        {
          "current_key": "AIzaSyAC2fIMnrAGdtm3WXYVllxJYhHUmGoG78s"
        }
      ],
      "services": {
        "appinvite_service": {
          "other_platform_oauth_client": [
            {
              "client_id": "507649732107-md28j0d4ehm602t70on697j6on6lkass.apps.googleusercontent.com",
              "client_type": 3
            }
          ]
        }
      }
    }
  ],
  "configuration_version": "1"
}